first_name,last_name,gender,score,date
Cam,Pimblotte,Female,8,05/23/2014
Amargo,McGiffin,Female,3,01/18/2014
Arnuad,Gradon,Male,10,01/02/2014
Jonah,Millmore,Male,7,04/30/2014
Worthington,Bartomeu,Male,3,03/07/2014
Bartie,Le Marchand,Male,6,06/23/2014
Lusa,Skocroft,Female,2,01/21/2014
Kaycee,Brack,Female,1,03/03/2014
Fedora,Le - Count,Female,6,04/23/2014
Yanaton,Drable,Male,7,01/05/2014
Marve,Davidof,Male,1,01/03/2014
Ezekiel,Marusic,Male,7,02/17/2014
Ivar,Roussell,Male,1,02/15/2014
Fanchon,Lougheed,Female,5,01/12/2014
Tabbi,Handrahan,Female,2,01/30/2014
Camey,Yaldren,Male,4,03/26/2014
Judd,Moat,Male,10,04/07/2014
Ryun,Coneybeare,Male,9,05/04/2014
Ellwood,Halwood,Male,6,05/17/2014
Wylie,Harryman,Male,3,04/07/2014
Dulsea,Annear,Female,1,02/11/2014
Mitch,Moorman,Male,7,04/20/2014
Beauregard,Grunson,Male,2,05/09/2014
Fina,Scamadine,Female,1,05/09/2014
Thorny,Thunders,Male,4,02/20/2014
Ario,Lankham,Male,8,06/29/2014
Filberto,Bage,Male,5,05/07/2014
Jenna,Henriques,Female,4,05/12/2014
Hoyt,Frane,Male,3,04/21/2014
Benjamin,Letty,Male,10,04/09/2014
Sloane,Bray,Male,4,01/02/2014
Bevvy,Ginsie,Female,5,05/09/2014
Lissy,Cannell,Female,3,03/31/2014
Bendicty,Roy,Male,5,01/11/2014
Adrea,Bratley,Female,1,03/02/2014
Carrol,Armal,Male,6,01/27/2014
Nickey,Szymoni,Male,5,01/08/2014
Linnea,Rainford,Female,2,06/05/2014
Rowland,Earp,Male,3,02/23/2014
Cassy,Lacey,Female,4,01/06/2014
Vitia,Dowbakin,Female,7,03/14/2014
Dionisio,Bernetti,Male,2,05/24/2014
Merle,Townson,Female,8,05/30/2014
Franklin,Tabert,Male,1,04/16/2014
Helga,Kahler,Female,9,04/10/2014
Herta,Wilsee,Female,6,04/07/2014
Julia,Tibb,Female,6,03/12/2014
Kippie,Tabourel,Female,7,06/12/2014
Cassandre,Le Grys,Female,10,05/12/2014
Burl,Schrieves,Male,3,04/24/2014
Pet,Haggart,Female,8,02/18/2014
Lloyd,Blastock,Male,8,03/05/2014
Basile,Buye,Male,6,01/18/2014
Emyle,Owenson,Female,8,02/07/2014
Cort,Cristofol,Male,6,05/27/2014
Corine,Shropsheir,Female,10,06/14/2014
Laurens,Dominka,Male,10,02/27/2014
Vania,Ronchetti,Female,10,05/14/2014
Ricoriki,Bouchard,Male,1,01/22/2014
Odella,Speares,Female,1,02/12/2014
Leora,Warstall,Female,9,06/27/2014
Christina,Allix,Female,3,03/09/2014
Henrie,Yegoshin,Female,2,03/17/2014
Pavla,Verrillo,Female,2,02/27/2014
Bent,Martinelli,Male,4,02/18/2014
Janna,Ginner,Female,8,05/27/2014
Lief,Baguley,Male,7,05/23/2014
Ron,Heape,Male,9,01/13/2014
Roze,Lidierth,Female,4,06/15/2014
Gene,Palser,Male,4,03/17/2014
Jackelyn,Hellewell,Female,9,04/05/2014
Melany,Critoph,Female,3,03/30/2014
Saundra,Wederell,Female,6,06/22/2014
Willdon,Delgado,Male,7,01/26/2014
Sonny,Gethings,Male,2,04/25/2014
Arleyne,Leppington,Female,10,03/21/2014
Rik,Maffucci,Male,4,03/02/2014
Bartolomeo,Ingray,Male,2,05/08/2014
Jeralee,Buttery,Female,2,02/04/2014
Nerta,Cashman,Female,10,02/08/2014
Saundra,Ahlf,Male,4,06/29/2014
Jake,Lazonby,Male,8,02/02/2014
Emilie,Herion,Female,4,06/15/2014
Alphonse,Duckhouse,Male,2,02/17/2014
Parrnell,Stile,Male,8,01/26/2014
Haskel,Brittain,Male,8,02/21/2014
Teador,Babbe,Male,10,01/03/2014
Vivi,Siggee,Female,9,06/15/2014
Reube,Woods,Male,7,01/09/2014
Sheppard,Lomath,Male,2,02/16/2014
Emiline,Enrietto,Female,8,06/26/2014
Ahmad,Coppin,Male,9,02/27/2014
Gabby,Luckes,Male,8,06/17/2014
Siward,Chittleburgh,Male,6,06/22/2014
Anni,Crookston,Female,5,03/30/2014
Raddy,Chaldecott,Male,3,06/16/2014
Aubert,Dupoy,Male,1,05/18/2014
Ody,Walshaw,Male,6,05/26/2014
Kania,Lagde,Female,2,04/09/2014
Antony,Klaaassen,Male,2,03/25/2014
Elane,Canape,Female,8,03/04/2014
Mattie,Marchenko,Female,5,03/04/2014
Jonah,Goodbairn,Male,6,03/07/2014
Davita,Heinemann,Female,8,04/11/2014
Kevin,Harg,Male,8,04/07/2014
Colette,Caddens,Female,3,05/14/2014
Roobbie,Sollom,Female,1,05/16/2014
Vincent,Farquar,Male,9,01/25/2014
Lydon,Dews,Male,5,06/11/2014
Elsa,Deeves,Female,10,06/10/2014
Bonny,Spillane,Female,1,04/23/2014
Ernaline,Dirkin,Female,6,03/23/2014
Beverlie,Rudgley,Female,1,06/15/2014
Benji,Swaysland,Male,8,02/28/2014
Darsey,de Mendoza,Female,5,04/18/2014
Cornelia,Ninnis,Female,6,01/13/2014
Cort,Martinovsky,Male,1,04/17/2014
Wendeline,Hanwell,Female,7,04/04/2014
Lorianna,Strettle,Female,10,03/26/2014
Mindy,Jados,Female,6,01/16/2014
Marti,O'Flaherty,Female,1,06/03/2014
Maggi,Fynes,Female,10,04/17/2014
Roz,Gile,Female,1,02/05/2014
Cassi,Grigolli,Female,1,05/16/2014
Philbert,Shackesby,Male,9,01/05/2014
Dewey,Tuddall,Male,7,03/30/2014
Carling,Ferroni,Male,4,01/15/2014
Everard,Raddish,Male,10,01/16/2014
Ernie,Tembridge,Male,5,03/23/2014
Lyndel,Steinson,Female,1,03/15/2014
Thatcher,Prest,Male,7,06/03/2014
Perl,Gosney,Female,9,04/17/2014
Horton,MacCrann,Male,9,03/22/2014
Lexis,Bleazard,Female,9,06/01/2014
Harmonia,Coleson,Female,2,06/05/2014
Ernesto,Dahlback,Male,9,02/22/2014
Stanfield,Dalla,Male,8,02/26/2014
Delinda,Cleaton,Female,1,05/17/2014
Laird,Ralphs,Male,9,01/03/2014
Ingelbert,Kemp,Male,9,04/08/2014
Cissy,Curds,Female,5,04/24/2014
Jane,Chastand,Female,3,06/24/2014
Theodor,MacGarrity,Male,9,06/02/2014
Michelina,Crutchley,Female,7,02/11/2014
Lindsey,Kearley,Female,6,06/17/2014
Beaufort,Dracey,Male,1,05/30/2014
Garret,Bamb,Male,10,05/20/2014
Vonny,Gostage,Female,10,02/10/2014
Barton,Mattes,Male,1,01/17/2014
Biron,Deroche,Male,5,02/28/2014
Hannis,Stille,Female,9,03/08/2014
Andrea,Matushenko,Male,5,05/13/2014
Aarika,Bahlmann,Female,4,01/24/2014
Holt,Packwood,Male,3,03/26/2014
Meredithe,Dradey,Female,3,02/14/2014
Cher,Quibell,Female,8,02/28/2014
Farica,Fuentes,Female,3,04/17/2014
Carley,Reisenstein,Female,7,01/23/2014
Lauree,Srawley,Female,3,01/30/2014
Elia,Gallemore,Male,4,02/08/2014
Irving,Cartin,Male,8,01/07/2014
Marisa,Hickisson,Female,5,04/13/2014
Alene,Crollman,Female,8,04/11/2014
Katusha,Haller,Female,7,05/06/2014
Joel,Mille,Male,2,05/21/2014
Andie,Nerney,Female,9,06/03/2014
Lemmy,Heymann,Male,1,02/22/2014
Quintin,Delacourt,Male,2,06/05/2014
Eddi,Craighall,Female,5,04/05/2014
Tallulah,Gounod,Female,7,05/07/2014
Hannah,Gidney,Female,8,06/14/2014
Orlando,Lineham,Male,8,06/09/2014
Kirbee,Teliga,Female,1,03/12/2014
Milly,Golsby,Female,1,06/05/2014
Nicko,Rucklesse,Male,1,02/15/2014
Nerissa,Corlett,Female,8,04/08/2014
Yulma,Gillum,Male,5,04/17/2014
Muffin,De La Hay,Female,4,03/07/2014
Laurie,Vertigan,Male,1,06/09/2014
Rona,Ollivier,Female,7,01/07/2014
Ephrayim,Kitson,Male,7,04/06/2014
Joyan,Danielou,Female,10,02/03/2014
Meriel,Manketell,Female,10,03/20/2014
Meredithe,Yaknov,Female,6,03/24/2014
Corrinne,McGowan,Female,10,01/29/2014
Tommie,Goslin,Male,7,03/02/2014
Mathilde,Coverly,Female,5,03/01/2014
Shelley,Purcell,Female,9,05/30/2014
Velma,Rees,Female,5,03/05/2014
Erwin,Benwell,Male,4,02/10/2014
Quinton,Tuddall,Male,6,05/05/2014
Gerrilee,Abbison,Female,6,03/29/2014
Debra,Nurny,Female,5,06/11/2014
Tabbatha,Caunter,Female,1,02/20/2014
Erhart,Hecks,Male,4,01/10/2014
Cassandre,Pavy,Female,5,05/27/2014
Son,Bahia,Male,7,05/04/2014
Myles,Pilipets,Male,10,01/20/2014
Barron,De Wolfe,Male,10,05/22/2014
Niki,Husher,Male,7,02/26/2014
Nelie,Menguy,Female,2,01/10/2014
Gerta,Severs,Female,9,01/04/2014
Joana,Baldcock,Female,10,01/09/2014
Aharon,Passy,Male,8,03/10/2014
Freeman,Bramah,Male,4,05/24/2014
Lyndsie,Cunniffe,Female,2,01/25/2014
Reynold,Briztman,Male,8,05/27/2014
Vernon,Leyzell,Male,6,02/16/2014
Kelcie,Braisby,Female,1,01/17/2014
Oren,Joseland,Male,10,01/27/2014
Ahmed,Crampsy,Male,6,02/24/2014
Yvonne,Jacombs,Female,5,05/10/2014
Adlai,Olczak,Male,8,03/01/2014
Izabel,Cragg,Female,7,03/28/2014
Benji,Peltzer,Male,3,01/20/2014
Vassili,Audenis,Male,3,02/24/2014
Conant,Mountford,Male,2,03/18/2014
Lynda,Bartley,Female,2,04/07/2014
Taddeusz,Stentiford,Male,3,01/24/2014
Vinnie,Voller,Male,8,04/11/2014
Wakefield,Balfe,Male,1,06/18/2014
Bryn,Gatsby,Female,1,03/02/2014
Charlena,Olin,Female,5,02/14/2014
Bogey,Ing,Male,10,01/05/2014
Abra,Twinbourne,Female,4,03/10/2014
Tami,Bustin,Female,3,01/16/2014
Mirna,Lacy,Female,1,01/14/2014
Corty,Americi,Male,1,04/30/2014
Sissie,Clover,Female,9,04/04/2014
Lezley,Buffin,Male,3,06/09/2014
Jarvis,Tredwell,Male,7,01/04/2014
Cynthy,Bunney,Female,7,03/17/2014
Webster,Bullers,Male,8,05/28/2014
Erika,McGeoch,Female,4,03/23/2014
Emmeline,Kording,Female,8,05/13/2014
Danell,Roggerone,Female,2,05/18/2014
Reid,McConnell,Male,5,01/04/2014
Rolf,Dumbreck,Male,2,04/11/2014
Lothario,Farryann,Male,8,04/06/2014
Anson,Stitson,Male,1,04/15/2014
Crystie,Leckenby,Female,2,02/03/2014
Rickie,Solman,Female,3,02/18/2014
Lucky,Pigeram,Female,5,06/27/2014
Florentia,Theobold,Female,6,06/03/2014
Ramsey,Nowlan,Male,6,04/24/2014
Margit,Longstaff,Female,10,02/14/2014
Verla,Shinefield,Female,3,06/22/2014
Ninon,McKenny,Female,8,01/01/2014
Gaspard,Trigg,Male,3,04/28/2014
Caril,Voyce,Female,7,03/04/2014
Mackenzie,Bullion,Male,10,03/05/2014
Marget,Sackett,Female,4,02/03/2014
Pincas,Sprott,Male,2,06/07/2014
Arri,Allender,Male,8,05/14/2014
Merwyn,Laugharne,Male,1,01/26/2014
Zollie,Rime,Male,6,03/20/2014
Kellia,Faldoe,Female,1,06/26/2014
Roxie,Beaford,Female,8,01/04/2014
Ric,Delhanty,Male,10,01/23/2014
Garnet,Alexis,Female,1,03/08/2014
Derrek,Rubinsztein,Male,2,01/12/2014
Silvano,Bleiman,Male,1,03/02/2014
Iver,Cocci,Male,8,02/09/2014
Anette,Ourry,Female,3,05/22/2014
Nannie,Fearey,Female,8,02/05/2014
Valina,Ebi,Female,4,03/05/2014
Rebeca,Adamsky,Female,5,06/26/2014
Clywd,Digges,Male,5,06/06/2014
Alvan,Coggan,Male,4,03/29/2014
Hadlee,Haruard,Male,2,02/23/2014
Lynn,Whether,Female,8,03/18/2014
Jandy,Foux,Female,5,05/23/2014
Sumner,Guidoni,Male,1,06/10/2014
Constantine,Kennady,Male,5,01/29/2014
Fredek,Pidler,Male,5,01/16/2014
Omar,Chimes,Male,2,01/27/2014
Madelon,MacMorland,Female,10,02/15/2014
Eldin,Swyer-Sexey,Male,10,04/07/2014
Byrom,Kencott,Male,7,03/07/2014
Tanhya,Curtayne,Female,7,03/24/2014
Giorgia,Rutherforth,Female,4,06/17/2014
Arthur,Bridgett,Male,2,06/02/2014
Toni,Verbeek,Female,5,01/02/2014
Isadore,Itscovitz,Male,9,04/22/2014
Lazare,Emanuelov,Male,10,01/21/2014
Mathilde,Lghan,Female,3,05/07/2014
Chalmers,Beves,Male,3,06/05/2014
Pietrek,Pretsel,Male,7,06/10/2014
Gerianne,Botcherby,Female,7,01/01/2014
Felike,Maffucci,Male,1,01/14/2014
Raviv,Challace,Male,1,05/19/2014
Fey,Frensch,Female,8,05/14/2014
Quinlan,Nisbith,Male,4,02/24/2014
Tadd,Aldridge,Male,8,02/20/2014
Katheryn,Dello,Female,1,05/08/2014
Ingrim,Burker,Male,2,05/06/2014
Dex,Newsham,Male,4,04/27/2014
Raf,Moan,Female,5,01/16/2014
Erwin,Brisland,Male,9,03/30/2014
Mandel,Horsey,Male,7,05/16/2014
Robina,Agus,Female,5,04/15/2014
Boot,Vedeneev,Male,10,05/23/2014
Matias,Stachini,Male,2,01/14/2014
Irina,Brokenshaw,Female,3,05/29/2014
Willdon,Verlinde,Male,6,04/07/2014
Sosanna,Oret,Female,9,01/07/2014
Claire,Furse,Female,10,03/13/2014
Arny,Wagenen,Male,7,01/17/2014
Anastasia,Harteley,Female,10,03/15/2014
Grange,Redmore,Male,7,04/10/2014
Arlan,Sarre,Male,1,06/19/2014
Lorenzo,Wasylkiewicz,Male,8,04/09/2014
Caitrin,Wilde,Female,5,01/12/2014
Wyndham,Robbe,Male,8,04/02/2014
Waiter,Gilliland,Male,5,05/10/2014
Slade,Melmar,Male,4,05/24/2014
Marline,Bodocs,Female,9,05/17/2014
Nerty,Learmond,Female,4,06/16/2014
Dusty,Mattek,Female,7,03/04/2014
Jerrie,Pina,Male,7,04/15/2014
Baudoin,Kingett,Male,3,04/26/2014
Horst,Tanman,Male,7,03/30/2014
Jed,Monnelly,Male,6,03/31/2014
Berkie,Cours,Male,7,03/11/2014
Stepha,Mather,Female,8,01/18/2014
Bailie,Impson,Male,2,06/27/2014
Aggie,Lillow,Female,1,03/16/2014
Jefferson,Stendall,Male,4,04/01/2014
Renie,Cuerda,Female,6,04/18/2014
Caryn,Beany,Female,3,03/12/2014
Leena,Rickards,Female,2,05/26/2014
Jasper,Growy,Male,3,04/20/2014
Ansley,Fancy,Female,6,05/27/2014
Candy,Staneland,Female,1,01/16/2014
Theobald,Arnot,Male,7,04/08/2014
Amos,Gallanders,Male,5,05/12/2014
Paola,Hetterich,Female,4,03/23/2014
Giselbert,Newstead,Male,9,01/10/2014
Bartolomeo,Tebboth,Male,7,01/27/2014
Sheffie,Aitchinson,Male,2,05/03/2014
Brianne,Leeves,Female,2,03/06/2014
Ammamaria,O'Brogan,Female,10,02/15/2014
Orly,Krollman,Female,6,03/28/2014
Melodie,Huckle,Female,3,06/28/2014
Marina,Gabitis,Female,4,01/07/2014
Lesley,Guyot,Male,10,04/22/2014
Belinda,Cakes,Female,3,04/28/2014
Toddy,Ygo,Male,6,05/12/2014
Brnaby,Glassard,Male,10,05/23/2014
Daryn,Vanacci,Female,5,01/28/2014
Andonis,Le Barre,Male,3,02/22/2014
Hugibert,Chamney,Male,1,05/08/2014
Beth,Heisler,Female,3,03/15/2014
Laurice,Manion,Female,5,03/31/2014
Iseabal,Marcome,Female,10,03/06/2014
Kevyn,Lantoph,Female,5,05/02/2014
Zorine,Gathercoal,Female,7,04/23/2014
Augie,Deverick,Male,9,03/13/2014
Aida,Mordie,Female,9,01/20/2014
Obidiah,Proffitt,Male,4,05/12/2014
Theresa,Phelips,Female,2,01/17/2014
Joeann,Hundall,Female,7,03/12/2014
Melisenda,Clewlow,Female,8,06/23/2014
Ethe,Sillick,Male,2,05/25/2014
Erminia,Brinicombe,Female,1,04/18/2014
Vivianne,Raecroft,Female,2,03/07/2014
Noby,Loughlan,Male,4,03/05/2014
Julius,Copcott,Male,7,03/02/2014
Katina,Damiral,Female,1,03/02/2014
Dorine,MacGinley,Female,5,04/08/2014
Harald,Paterson,Male,3,01/01/2014
Valentijn,Spitell,Male,7,02/21/2014
Salli,MacDuffie,Female,3,06/25/2014
Nedda,Kalinowsky,Female,3,02/20/2014
Rouvin,Gudahy,Male,10,01/28/2014
Caroljean,Curgenven,Female,10,06/20/2014
Arther,Rieflin,Male,6,04/07/2014
Filide,Gadsden,Female,3,06/05/2014
Dulcinea,Stopps,Female,8,03/24/2014
Pierson,Kensett,Male,6,03/17/2014
Ninnette,Towndrow,Female,1,04/04/2014
Britta,Borsay,Female,5,02/05/2014
Hatti,McConachie,Female,2,02/06/2014
Scottie,Dorber,Male,6,02/25/2014
Pancho,Brugsma,Male,9,05/25/2014
Forester,Rentilll,Male,3,01/27/2014
Vittoria,Blowen,Female,4,05/20/2014
Charmion,Eades,Female,1,04/03/2014
Latisha,Nazareth,Female,2,02/08/2014
Derrik,Sharphurst,Male,5,06/06/2014
Brnaby,Joutapaitis,Male,8,05/21/2014
Ara,Rennicks,Male,7,05/17/2014
Dugald,Feechan,Male,7,01/17/2014
Lauritz,Eilhertsen,Male,9,03/24/2014
Levin,Pettyfar,Male,9,02/11/2014
Audie,Lambdin,Female,3,06/26/2014
Derrick,Nockles,Male,7,05/04/2014
Fey,Claridge,Female,6,06/05/2014
Bobby,Mathelon,Male,5,02/24/2014
Ambur,Szimon,Female,10,03/04/2014
Waite,Oki,Male,7,04/08/2014
Murdoch,Gayler,Male,9,04/30/2014
Ermin,St Clair,Male,6,01/14/2014
Jeromy,Cisland,Male,8,05/17/2014
Marlon,Joule,Male,10,02/24/2014
Oswell,Spellicy,Male,7,06/20/2014
Hayyim,Daltry,Male,2,06/19/2014
Kenton,Whatson,Male,6,05/30/2014
Sabra,Reyson,Female,8,04/16/2014
Tiertza,Godsil,Female,3,06/24/2014
Ambrosio,Simester,Male,4,02/19/2014
Darci,Courtman,Female,9,03/21/2014
Dugald,O'Dunniom,Male,6,02/20/2014
Agneta,Cattrall,Female,1,06/06/2014
Murial,Ramalho,Female,1,02/16/2014
Hoebart,Crimin,Male,5,01/15/2014
Doralyn,Warmington,Female,8,02/03/2014
Eyde,Tick,Female,3,05/06/2014
Ulberto,Garnett,Male,9,06/23/2014
Renaldo,Belson,Male,10,01/02/2014
Celene,Ashborn,Female,4,02/04/2014
Kessia,Dorton,Female,4,02/26/2014
Pearle,Evered,Female,5,03/18/2014
Ashil,Kalberer,Female,4,01/20/2014
Creight,Gosz,Male,1,01/31/2014
Maureen,Archibould,Female,7,05/23/2014
Marcellus,Renvoise,Male,1,05/20/2014
Willis,Curner,Male,10,06/20/2014
Sansone,Klammt,Male,6,03/08/2014
Idelle,Ossenna,Female,1,05/11/2014
Larine,Rapa,Female,2,04/29/2014
Isidora,Wallhead,Female,7,05/29/2014
Amberly,Winsborrow,Female,8,04/22/2014
Marshall,Penhaligon,Male,4,02/28/2014
Nessi,Boys,Female,10,03/19/2014
Lilas,Kohneke,Female,2,04/02/2014
Ruttger,Bengtsson,Male,7,05/13/2014
Ferdinande,Willford,Female,8,02/07/2014
Emiline,Thorald,Female,2,01/04/2014
Erhard,Druitt,Male,8,05/17/2014
Kassie,Freer,Female,1,01/19/2014
Osborn,Salerno,Male,2,01/14/2014
Max,Stukings,Male,7,06/08/2014
Berty,Gilligan,Female,5,04/12/2014
Aldric,De Robertis,Male,9,05/23/2014
Ania,Lapish,Female,4,03/07/2014
Cheston,Schowenburg,Male,1,02/23/2014
Jarvis,Drexel,Male,7,02/24/2014
Jerald,Tattam,Male,5,04/02/2014
Mathian,Jimmes,Male,2,05/16/2014
Reeta,Downie,Female,10,03/25/2014
Enrichetta,Sinkin,Female,9,05/06/2014
Arvy,De Pero,Male,3,04/10/2014
Almeta,Sainer,Female,4,01/20/2014
Miles,Crose,Male,9,05/03/2014
Bard,Jakubowsky,Male,7,02/26/2014
Pascale,Gatchell,Male,9,04/06/2014
Bobby,Wackly,Male,1,03/22/2014
Janey,Gammidge,Female,10,06/17/2014
Vassili,Lacasa,Male,9,04/08/2014
Winifield,Huggen,Male,2,06/17/2014
Ross,Bembrick,Male,3,04/13/2014
Kiah,Hale,Female,3,02/24/2014
Ted,Yerson,Male,5,06/17/2014
Derward,Gerber,Male,4,06/20/2014
Marnie,Cosslett,Female,4,05/28/2014
Neill,Geistbeck,Male,9,05/01/2014
Hansiain,Milella,Male,6,06/24/2014
Lucine,Waldie,Female,10,02/01/2014
Shantee,Fisher,Female,8,04/11/2014
Ariana,Chiene,Female,3,03/21/2014
Cindie,Rebbeck,Female,10,04/21/2014
Derby,Everington,Male,2,01/01/2014
Carola,Kierans,Female,2,04/27/2014
Powell,O'Breen,Male,2,01/06/2014
Annie,Petraitis,Female,1,06/28/2014
Fay,Commucci,Female,1,06/25/2014
Vonni,Poate,Female,10,02/01/2014
Corri,Torfin,Female,8,03/31/2014
Langston,Espy,Male,8,06/18/2014
Kalli,Longhorne,Female,5,02/12/2014
Modesta,De Vile,Female,4,04/11/2014
Curran,Luter,Male,3,03/09/2014
Merill,Doncom,Male,1,06/19/2014
Gregoor,Moat,Male,4,05/05/2014
Francine,Huntingdon,Female,4,05/12/2014
Pietrek,Girsch,Male,2,06/14/2014
Hollyanne,Kort,Female,4,03/22/2014
Denni,Grishanin,Female,8,01/21/2014
Frederigo,Sperski,Male,1,04/29/2014
Marven,Drache,Male,4,03/29/2014
Simmonds,Silman,Male,9,06/12/2014
Fianna,Pidgeon,Female,4,04/11/2014
Ward,Akam,Male,4,02/13/2014
Correy,Teodorski,Male,10,05/16/2014
Brenn,Schruurs,Female,2,03/07/2014
Marga,Toll,Female,2,02/17/2014
Waverley,Marmion,Male,2,03/12/2014
Tera,Greatex,Female,9,06/01/2014
Sherill,Lambert,Female,3,01/26/2014
Arny,Broadey,Male,6,06/19/2014
Chancey,Domerc,Male,4,05/28/2014
Owen,Harrower,Male,8,03/06/2014
Kerwinn,Vanichev,Male,2,05/08/2014
Burke,Pidgeon,Male,9,02/07/2014
Kristofer,Spavins,Male,3,03/03/2014
Afton,Crenshaw,Female,4,04/01/2014
Hertha,MacCostye,Female,7,01/21/2014
North,Fendlow,Male,4,06/16/2014
Hillary,Twohig,Male,3,01/29/2014
Garreth,Kimmerling,Male,10,05/25/2014
Hastings,Bussens,Male,4,03/16/2014
Ellswerth,Donavan,Male,7,04/27/2014
Chanda,Kinze,Female,3,05/11/2014
Tani,Charer,Female,6,05/12/2014
Manuel,Penhall,Male,6,02/02/2014
Lora,Hicklingbottom,Female,10,02/03/2014
Panchito,Labon,Male,5,06/16/2014
Gillan,Geeritz,Female,5,01/06/2014
Mohandis,Colecrough,Male,3,02/14/2014
Nat,Sollitt,Female,1,06/11/2014
Erhart,Corbie,Male,8,01/17/2014
Babette,Lindsey,Female,8,02/27/2014
Ring,Shermar,Male,4,05/04/2014
Westley,Baseley,Male,8,03/07/2014
Glad,Manntschke,Female,9,03/06/2014
Goddard,Rachuig,Male,9,05/04/2014
Artie,Medgewick,Male,7,04/16/2014
Ferrel,Rigard,Male,2,06/10/2014
Bambi,Pellissier,Female,7,06/08/2014
Casandra,Harry,Female,1,03/27/2014
Winona,Dullaghan,Female,7,05/01/2014
Omar,Corde,Male,5,03/22/2014
Marylinda,Darinton,Female,9,04/14/2014
Armando,Osmar,Male,1,03/27/2014
Corette,Kubin,Female,6,06/17/2014
Orlan,Novak,Male,1,01/22/2014
Milka,Tuohy,Female,3,05/11/2014
Kari,Giovannacci,Female,7,04/18/2014
Johnny,Ingree,Male,10,03/17/2014
Ev,Stilly,Male,2,04/01/2014
Mandi,Ogers,Female,2,05/10/2014
Nadeen,Law,Female,4,01/31/2014
Alick,Stother,Male,2,04/04/2014
Jase,Beekman,Male,1,05/24/2014
Willette,Warboy,Female,3,04/17/2014
Adorne,Spirritt,Female,3,01/16/2014
Wylma,Gildersleaves,Female,1,05/01/2014
Truman,St Quenin,Male,5,05/10/2014
Gibby,Tavinor,Male,5,02/07/2014
Estella,Prigg,Female,7,03/24/2014
Zelda,Skittle,Female,8,03/23/2014
Sib,Benwell,Female,7,03/01/2014
Elsy,Bollin,Female,5,01/06/2014
Kellyann,Olivazzi,Female,1,05/12/2014
Shirlee,Abramof,Female,3,04/22/2014
Zaneta,Getsham,Female,3,02/05/2014
Darci,Draijer,Female,4,02/20/2014
Jaymee,Rolston,Female,10,02/19/2014
Price,Ciccerale,Male,7,01/19/2014
Tanney,Bog,Male,7,02/20/2014
L;urette,Trail,Female,2,02/08/2014
Elenore,Leavy,Female,9,03/17/2014
Jerrie,Defty,Female,3,04/01/2014
Teirtza,Velareal,Female,8,03/02/2014
Rochella,Burtonshaw,Female,5,02/06/2014
Tobi,Gillingham,Female,6,03/13/2014
Darnell,Strotone,Male,1,03/25/2014
Tremayne,Messent,Male,3,01/28/2014
Reynard,McTague,Male,3,03/27/2014
Vern,Hubble,Male,9,05/15/2014
Thorstein,Uphill,Male,8,03/11/2014
Perry,Day,Female,4,03/29/2014
Mylo,Blague,Male,2,06/06/2014
Axe,Cripin,Male,1,05/14/2014
Corrina,Sholem,Female,3,05/06/2014
Burty,Collie,Male,5,05/14/2014
Robina,Saville,Female,6,06/01/2014
Flo,Turneaux,Female,6,06/05/2014
Evangeline,Lickorish,Female,10,01/25/2014
Othilie,Prettyjohns,Female,3,06/27/2014
Sarine,Linn,Female,7,01/25/2014
Laurette,Took,Female,5,03/05/2014
Tod,Cotta,Male,8,03/03/2014
Sandie,Daniele,Female,8,01/17/2014
Sella,Stuer,Female,7,06/10/2014
Pammi,Reinard,Female,8,05/17/2014
Maurie,Stribbling,Male,3,03/13/2014
Lockwood,Bryns,Male,9,03/29/2014
Gill,Poley,Male,1,01/17/2014
Donovan,Le Maitre,Male,3,05/12/2014
Delmor,Massenhove,Male,3,05/29/2014
Ann-marie,Hovard,Female,6,03/05/2014
Deedee,Odlin,Female,1,01/18/2014
Nanette,Sandifer,Female,5,03/29/2014
Laurena,Yakovich,Female,10,05/29/2014
Del,Gritskov,Male,8,06/28/2014
Ezri,Swansbury,Male,6,03/11/2014
Marie,Messenger,Female,8,01/25/2014
Kenon,Perkis,Male,1,05/11/2014
Cordey,Filyushkin,Female,5,06/20/2014
Edsel,Fealty,Male,5,06/02/2014
Georgianne,Beaufoy,Female,6,04/23/2014
Ryley,Whewill,Male,7,05/07/2014
Georgeanna,Twinbrow,Female,1,03/17/2014
Lara,Croux,Female,2,01/24/2014
Trevor,Izat,Male,10,03/11/2014
Florri,Swinyard,Female,1,01/10/2014
Heath,Chalder,Female,2,05/23/2014
Daryle,McOwen,Male,10,02/23/2014
Saunders,Horder,Male,4,06/25/2014
Dame,Beedie,Male,2,06/19/2014
Rollins,Dennistoun,Male,1,02/17/2014
Pyotr,Towson,Male,10,05/31/2014
Rhetta,Brimilcombe,Female,7,04/13/2014
Margarete,Sparway,Female,3,04/04/2014
Christy,Bleackly,Female,6,06/20/2014
Correy,Kieran,Male,5,04/12/2014
Laird,Grimsley,Male,10,05/16/2014
Travis,Ledram,Male,9,02/11/2014
Cassey,Tuson,Female,9,01/06/2014
Mureil,Sibbert,Female,10,02/19/2014
Mac,Agostini,Male,5,03/01/2014
Sloane,Meron,Male,10,04/11/2014
Skipper,Skule,Male,5,04/09/2014
Davine,Kupisz,Female,5,01/31/2014
Vanessa,Kirkbride,Female,7,03/14/2014
Rriocard,Holtum,Male,8,02/03/2014
Dorian,Minney,Female,9,03/04/2014
Ardelle,Bartozzi,Female,2,05/27/2014
Maryellen,Crix,Female,7,02/13/2014
Natty,Burkert,Male,10,02/07/2014
Amber,Kimblen,Female,3,06/06/2014
Cal,Culver,Female,5,01/16/2014
Constantino,MacCroary,Male,1,05/03/2014
Petronille,Oade,Female,2,05/21/2014
Noel,Kerins,Male,1,06/14/2014
Hercule,Karpenya,Male,6,06/24/2014
Berna,Carey,Female,4,05/24/2014
Addia,Ivashev,Female,9,05/01/2014
Mavis,Marquese,Female,10,06/27/2014
Eustacia,Abethell,Female,10,06/23/2014
Carolann,Graham,Female,10,03/03/2014
Culver,Collet,Male,1,03/09/2014
Rockie,Clubley,Male,6,03/03/2014
Ruddie,Avrahm,Male,2,06/14/2014
Gav,Wornham,Male,6,02/01/2014
Audre,Dysart,Female,8,02/26/2014
Cyrus,Maydway,Male,8,02/27/2014
Son,Mault,Male,3,01/25/2014
Lurline,Weadick,Female,9,01/13/2014
Kathye,Willcott,Female,9,04/18/2014
Willem,Schimpke,Male,8,02/08/2014
Lorianne,Thake,Female,4,02/20/2014
Nat,Blenkinship,Male,7,05/23/2014
Cordy,Hillburn,Female,6,05/04/2014
Pedro,Espinosa,Male,7,06/12/2014
Haleigh,Tellwright,Male,6,04/06/2014
Loni,Croyden,Female,4,01/22/2014
Warde,Gosker,Male,4,01/17/2014
Maureen,Heinritz,Female,5,01/16/2014
Malvin,Cheverell,Male,4,02/04/2014
Iorgos,Tebald,Male,1,01/28/2014
Ive,Abramchik,Male,9,04/18/2014
Lorena,Oswell,Female,2,02/21/2014
Clim,Macro,Male,7,05/11/2014
Jackson,Jon,Male,6,02/09/2014
Andrew,Rosenzwig,Male,5,01/26/2014
Hasheem,Hartin,Male,6,02/09/2014
Hamnet,Podbury,Male,7,02/20/2014
Karrah,Schimaschke,Female,3,01/19/2014
Kendal,Sclanders,Male,7,03/06/2014
Emmie,Teliga,Female,5,06/19/2014
Yul,Dilger,Male,6,05/15/2014
Elwira,Dodgshon,Female,6,03/25/2014
Kristo,Downage,Male,1,01/03/2014
Elysee,Crunkhurn,Female,6,01/29/2014
Lorant,Agglio,Male,6,04/19/2014
Kerrill,Brade,Female,7,01/01/2014
Zebulon,Pobjay,Male,8,05/25/2014
Janella,Janca,Female,5,04/24/2014
Shirlene,Yarrow,Female,5,01/01/2014
Darrell,Hedley,Male,2,01/09/2014
Lonnie,Caudle,Male,1,05/10/2014
Warner,Lyons,Male,4,06/10/2014
Dacy,De Gouy,Female,10,03/27/2014
Saraann,Fayerman,Female,5,03/19/2014
Guthrey,De Gogay,Male,5,01/11/2014
Armand,MacTrustie,Male,3,05/31/2014
Gabby,Snell,Male,6,06/15/2014
Maggi,Exer,Female,9,03/24/2014
Torrie,Bixley,Female,7,01/18/2014
Muhammad,Iacopini,Male,4,01/22/2014
Adelheid,Ferraro,Female,7,01/12/2014
Gertie,Bondy,Female,5,03/01/2014
Wylma,Willmott,Female,3,02/22/2014
Pren,Ruthven,Male,10,04/30/2014
Brook,Fagan,Female,7,04/04/2014
Gates,Russen,Female,7,01/21/2014
Corinne,Pudney,Female,2,01/28/2014
Arlena,Conerding,Female,3,05/02/2014
Adelind,Purvess,Female,2,06/13/2014
Norbert,Lindenbaum,Male,6,01/01/2014
Freedman,Frobisher,Male,8,01/23/2014
Catherina,Coram,Female,5,03/20/2014
Quint,Dzenisenka,Male,10,04/15/2014
Shermy,Buxton,Male,4,05/20/2014
Freddy,Bulcroft,Male,3,02/17/2014
Corbin,Kytter,Male,7,03/12/2014
Oby,Searjeant,Male,2,01/23/2014
Milly,Maycock,Female,1,01/07/2014
Ethan,Norgate,Male,2,03/09/2014
Samara,Pile,Female,7,01/16/2014
Thornton,Sprigging,Male,7,06/02/2014
Karla,Blezard,Female,9,04/24/2014
Talyah,Girardeau,Female,10,04/10/2014
Claire,Pentelow,Female,7,03/29/2014
Alvina,Dowty,Female,8,06/05/2014
Glen,Simcoe,Male,6,05/14/2014
Fergus,Muckian,Male,5,01/03/2014
Quintin,McGlaughn,Male,4,01/01/2014
Harrison,Pearsey,Male,5,05/01/2014
Sayre,Cricket,Male,4,06/08/2014
Jennee,Hains,Female,7,02/07/2014
Mano,Baudinet,Male,6,02/12/2014
Peta,Varran,Female,9,02/21/2014
Slade,Gresswell,Male,3,04/04/2014
Jonas,Polkinghorne,Male,9,05/10/2014
Gwendolen,Elcy,Female,10,05/04/2014
Danette,Errichelli,Female,10,06/19/2014
Tiler,Withringten,Male,7,06/17/2014
Guillemette,Juszkiewicz,Female,9,01/14/2014
Garvey,Capstake,Male,3,01/18/2014
Sydelle,Duddle,Female,10,02/15/2014
Susanne,Poizer,Female,6,05/28/2014
Candra,Bayford,Female,7,04/28/2014
Jada,Woodus,Female,10,01/25/2014
Nikki,Gogan,Male,2,01/18/2014
Rafaelita,Killingworth,Female,9,02/13/2014
Lorne,Olivier,Male,5,01/23/2014
Antin,Kinze,Male,1,02/06/2014
Mallory,Atwood,Female,10,01/24/2014
Nanny,Brise,Female,10,01/22/2014
Warner,Cronchey,Male,8,02/17/2014
Ciro,Corday,Male,9,04/25/2014
Wendell,Wagg,Male,1,04/08/2014
Hazel,McNerlin,Male,10,04/27/2014
Farr,O' Sullivan,Male,8,04/12/2014
Mariann,Shuter,Female,5,03/06/2014
Rebe,Turpie,Female,2,05/04/2014
Idelle,Inch,Female,6,05/02/2014
George,Crennan,Male,1,06/23/2014
Antone,Cordier,Male,2,03/25/2014
Elinore,Rabley,Female,8,03/05/2014
Crysta,Pullinger,Female,6,06/15/2014
Erin,Gianolini,Male,1,04/20/2014
Shaylah,Gamlin,Female,2,02/05/2014
Lindsy,Boddy,Female,6,05/04/2014
Adore,Pamplin,Female,3,04/29/2014
Nanon,Colbertson,Female,8,01/28/2014
Drusi,O'Corhane,Female,2,04/05/2014
Kylynn,Marlen,Female,4,02/02/2014
Francine,Gwilliam,Female,2,06/20/2014
Charil,Andriveau,Female,2,05/15/2014
Jeramey,Gath,Male,4,01/09/2014
Madelene,Chatten,Female,4,02/12/2014
Myrilla,Hellen,Female,2,02/24/2014
Adolf,Valler,Male,1,06/19/2014
Lurette,Tittletross,Female,1,04/13/2014
Reuben,Skirling,Male,6,06/20/2014
Vassily,Bleasdille,Male,9,05/12/2014
Cairistiona,Beedon,Female,5,04/23/2014
Lucky,Prattington,Female,8,03/11/2014
Bordy,Sheekey,Male,2,04/10/2014
Felicio,Cobon,Male,3,03/12/2014
Bil,McPharlain,Male,4,04/20/2014
Grazia,Barfoot,Female,6,02/14/2014
Regan,McKeady,Male,8,04/01/2014
Donovan,Saunier,Male,5,03/10/2014
Jesse,Crix,Female,8,05/29/2014
Findley,Falcus,Male,8,03/09/2014
Hilario,Tearney,Male,1,03/27/2014
Beitris,Egar,Female,2,04/14/2014
Man,Wiskar,Male,1,05/17/2014
Tressa,Grugerr,Female,7,03/08/2014
Pernell,Lalevee,Male,3,06/02/2014
Tommi,Franzolini,Female,8,03/21/2014
Tammy,Bavin,Female,1,05/11/2014
Gayel,Simons,Female,2,02/05/2014
Ivett,Schimek,Female,4,06/03/2014
Lissie,McGarvie,Female,5,06/02/2014
Karoly,Wisham,Male,3,05/07/2014
Tris,Cossons,Male,5,05/26/2014
Octavia,Pohlke,Female,8,06/19/2014
Coralie,Sorton,Female,6,06/12/2014
Elmer,Ferron,Male,6,03/04/2014
Perry,De Micoli,Male,10,01/01/2014
Devina,Fader,Female,4,04/07/2014
Bale,Sands,Male,2,05/28/2014
Faulkner,Delgaty,Male,8,02/09/2014
Brucie,Luck,Male,4,06/12/2014
Christean,Blais,Female,5,01/08/2014
Elita,Bown,Female,7,02/28/2014
Horton,Hairsnape,Male,10,02/13/2014
Sindee,Gergher,Female,3,02/14/2014
Tobe,Wurst,Female,8,04/20/2014
Cory,O'Toole,Female,9,05/17/2014
Nikos,Cheyenne,Male,8,03/19/2014
Lita,Rousell,Female,10,04/14/2014
Stephanus,Markie,Male,2,03/18/2014
Sydelle,Fairhead,Female,8,03/13/2014
Vivienne,Badgers,Female,7,05/11/2014
Bev,Pragnell,Female,3,05/02/2014
Drusie,Rolfini,Female,1,06/17/2014
Husein,Sail,Male,7,02/25/2014
Carlene,Goard,Female,8,05/27/2014
Farly,Spain,Male,7,03/01/2014
Ferguson,Cinnamond,Male,4,02/08/2014
Benjie,Brimm,Male,1,05/18/2014
Ruthann,Mishow,Female,5,05/15/2014
Tadd,Blazewicz,Male,1,04/16/2014
Beatrix,Robillart,Female,5,04/20/2014
Hersh,Kenewel,Male,9,03/02/2014
Selma,Cowl,Female,4,01/25/2014
Doris,Donnersberg,Female,1,02/08/2014
Lorens,St Pierre,Male,6,05/17/2014
Freddi,Stanmer,Female,6,05/26/2014
Melany,Manjin,Female,5,06/12/2014
Karly,Layland,Female,7,06/03/2014
Magdalen,Ottiwill,Female,3,03/31/2014
Rollins,Sibille,Male,1,03/28/2014
Maudie,Etridge,Female,6,03/03/2014
Amity,Brixham,Female,3,02/04/2014
Gaynor,Broinlich,Female,7,01/09/2014
Damaris,Headington,Female,3,02/12/2014
Caitrin,Myhan,Female,8,01/13/2014
Lionello,Lodemann,Male,3,02/12/2014
Abbie,Raoux,Male,2,02/05/2014
Donni,Forten,Female,6,02/17/2014
Winny,Kubanek,Male,9,02/16/2014
Cordelie,Liff,Female,10,06/14/2014
Batsheva,Shemmans,Female,1,02/02/2014
Rivy,Klemps,Female,5,04/22/2014
Land,Hevner,Male,1,06/21/2014
Kirstyn,Darton,Female,3,02/09/2014
Delphine,Davisson,Female,3,02/01/2014
Aurora,McIlrath,Female,2,01/03/2014
Chlo,Clowser,Female,8,03/27/2014
Neville,Snow,Male,5,01/22/2014
Cortie,Swains,Male,5,01/20/2014
Goldi,Billin,Female,4,05/30/2014
Goldi,Klasing,Female,2,01/15/2014
Betti,Tetford,Female,7,05/28/2014
Ahmed,Silbert,Male,10,06/19/2014
Jeanelle,Berthel,Female,3,05/23/2014
Trude,Hevner,Female,10,04/28/2014
Berkley,Pert,Male,7,05/05/2014
Arty,Rome,Male,8,04/05/2014
Ewen,Cleveley,Male,4,06/19/2014
Lockwood,Roskam,Male,10,03/19/2014
Sherri,Pedron,Female,9,03/28/2014
Fred,Sharkey,Female,9,02/15/2014
Grace,Litterick,Female,6,04/08/2014
Kerrill,Marnane,Female,7,06/24/2014
Joseph,Trimming,Male,1,04/14/2014
Abbie,Garvin,Female,9,05/17/2014
Forster,Panther,Male,10,05/24/2014
Callean,Boecke,Male,7,02/20/2014
Nelson,Rawles,Male,1,04/23/2014
Rees,Bott,Male,10,01/10/2014
Verene,Dufton,Female,4,06/07/2014
Germain,Goodred,Male,4,04/21/2014
Kimmie,Handsheart,Female,10,03/20/2014
Erny,Kretchmer,Male,5,06/24/2014
Evelina,Billham,Female,3,02/24/2014
Lusa,Westnage,Female,10,02/26/2014
Celie,Grayland,Female,7,04/18/2014
Shellie,Grisley,Female,2,05/04/2014
Marlee,Muneely,Female,8,06/20/2014
Gus,McTrustram,Male,2,06/22/2014
Xerxes,Tindle,Male,4,04/13/2014
Pace,Halbeard,Male,5,06/01/2014
Carleton,Gergus,Male,5,03/28/2014
Charisse,Dan,Female,2,05/19/2014
Fraser,Masselin,Male,5,01/27/2014
Alistair,Trill,Male,2,03/01/2014
Hally,Bater,Female,5,03/11/2014
Hewitt,Antowski,Male,5,02/15/2014
Aaren,Cambden,Female,7,01/02/2014
Vic,Avraam,Male,2,04/06/2014
Kelcy,Jerosch,Female,1,03/16/2014
Germain,Bollam,Male,10,06/07/2014
Cassandra,Moohan,Female,1,02/28/2014
Fielding,Brimley,Male,6,06/25/2014
Leanor,Screeton,Female,3,01/09/2014
Merissa,Lutzmann,Female,6,04/17/2014
Eleen,Tamas,Female,8,03/28/2014
Erinna,Brymner,Female,4,02/02/2014
Dyanne,Hamman,Female,5,05/27/2014
Noach,Knox,Male,8,04/24/2014
Merci,Garred,Female,7,05/15/2014
Dion,Horbart,Female,2,04/10/2014
Carmelle,Nield,Female,4,01/22/2014
Annabella,Croizier,Female,6,04/28/2014
Ashby,Stormouth,Male,8,02/17/2014
Justin,Terrell,Male,5,02/05/2014
Dav,Yurin,Male,5,03/14/2014
Lorraine,Kidson,Female,9,04/20/2014
Mack,Dallosso,Male,9,06/09/2014
Jerrine,Clows,Female,3,06/07/2014
Carlina,O'Gaven,Female,5,02/08/2014
Federico,Osipenko,Male,2,05/25/2014
Dianne,Cosbey,Female,8,04/23/2014
Richmond,Leil,Male,4,06/06/2014
Rudyard,Follin,Male,2,04/05/2014
Gaspard,Murtimer,Male,5,06/08/2014
Dannie,Emanson,Male,3,02/24/2014
Emma,Slayford,Female,4,01/06/2014
Kathleen,Petters,Female,4,03/11/2014
Gardiner,Varns,Male,4,02/11/2014
Anette,Benneton,Female,8,06/25/2014
