first_name,last_name,gender,score,date
Wit,Abella,Male,6,5/28/2016
Jamill,Acheson,Male,1,2/16/2016
Edmund,Adamthwaite,Male,6,3/8/2016
Ephrem,Addenbrooke,Male,8,3/29/2016
Dollie,Addionisio,Female,10,4/23/2016
Harald,Agget,Male,2,3/15/2016
Daniel,Akers,Male,6,5/30/2016
Abrahan,Akram,Male,8,6/25/2016
Emmerich,Aldersley,Male,8,4/22/2016
Codie,Aldiss,Male,10,2/8/2016
Abner,Alen,Male,4,3/7/2016
Sheilakathryn,Aliberti,Female,8,2/21/2016
Barnett,Allibon,Male,9,5/8/2016
Paul,Althorp,Male,10,5/16/2016
Kinny,Ambrogelli,Male,2,1/26/2016
Roddie,Amey,Male,7,1/4/2016
Merill,Amys,Male,6,4/15/2016
Brockie,Anger,Male,4,5/7/2016
Teena,Annandale,Female,5,6/7/2016
Kimmie,Anthiftle,Female,5,5/17/2016
Ari,Antognelli,Male,5,5/21/2016
Pansie,Arenson,Female,6,3/16/2016
Patin,Arnaldi,Male,6,4/14/2016
Berke,Aslam,Male,8,4/8/2016
Shawna,Asple,Female,1,4/25/2016
Gerrie,Ayto,Female,5,1/30/2016
Josepha,Babonau,Female,1,3/24/2016
Erina,Bach,Female,2,5/20/2016
Philbert,Bachelar,Male,4,5/21/2016
Nollie,Baert,Male,7,5/13/2016
Sayers,Bagshawe,Male,4,2/28/2016
Gauthier,Balam,Male,5,5/29/2016
Daria,Baldetti,Female,10,2/3/2016
Godiva,Bamb,Female,7,6/12/2016
Marget,Banaszkiewicz,Female,6,3/7/2016
Romain,Barabich,Male,3,6/18/2016
Sean,Barchrameev,Male,10,1/31/2016
Letti,Barks,Female,1,3/11/2016
Candy,Bartocci,Female,9,5/17/2016
Christie,Bathoe,Female,4,1/12/2016
Kalvin,Battell,Male,10,6/19/2016
Robbert,Baudacci,Male,3,1/14/2016
Helena,Bauldry,Female,9,3/20/2016
Peder,Bauman,Male,1,5/8/2016
Mauricio,Baxstair,Male,6,2/13/2016
Delilah,Beardow,Female,2,2/24/2016
Dell,Beckett,Male,7,3/21/2016
Kareem,Beddin,Male,5,2/3/2016
Clerissa,Beeby,Female,5,5/5/2016
Issi,Behn,Female,9,2/12/2016
Arlee,Bendell,Female,7,5/15/2016
Kippar,Berthel,Male,9,4/19/2016
Sinclare,Berthon,Male,9,6/25/2016
Ogdon,Bertomeu,Male,1,1/23/2016
Hartwell,Bertrand,Male,3,3/26/2016
Fredra,Berzen,Female,5,1/31/2016
Tabitha,Besson,Female,4,4/15/2016
Dorisa,Bethel,Female,8,3/22/2016
Aindrea,Betun,Female,6,3/27/2016
Gipsy,Beviss,Female,8,3/10/2016
Donielle,Bicknell,Female,10,2/24/2016
Werner,Billsberry,Male,7,5/23/2016
Tootsie,Bilofsky,Female,10,1/5/2016
Donnamarie,Birkwood,Female,1,2/17/2016
Petronille,Birth,Female,6,2/14/2016
Alfi,Bizzey,Female,6,5/2/2016
Moore,Blanc,Male,5,6/15/2016
Kahlil,Blasi,Male,8,5/10/2016
Kathleen,Blei,Female,6,2/23/2016
Fancy,Bligh,Female,3,3/23/2016
Binky,Blinde,Male,5,5/9/2016
Rorie,Blinkhorn,Female,7,1/2/2016
Nevil,Bloodworthe,Male,9,3/18/2016
Myrah,Blouet,Female,8,1/12/2016
Nolan,Boddie,Male,9,3/23/2016
Carey,Bodicam,Female,4,4/2/2016
Tessie,Bodycombe,Female,9,2/1/2016
Merry,Bogie,Female,5,4/21/2016
Tammy,Bollin,Male,7,6/1/2016
Obadias,Bolstridge,Male,8,3/27/2016
Dudley,Bonifazio,Male,9,4/26/2016
Courtnay,Bonsale,Male,9,5/19/2016
Donnie,Bonsale,Female,1,3/13/2016
Mateo,Borel,Male,4,6/13/2016
Rollin,Borres,Male,5,5/16/2016
Garvy,Bottini,Male,2,3/18/2016
Zonnya,Boughtflower,Female,6,3/21/2016
Hanan,Bowles,Male,10,2/6/2016
Anastassia,Bramer,Female,3,1/12/2016
Ilene,Bramich,Female,1,3/15/2016
Franzen,Brawn,Male,1,5/31/2016
Ambrosio,Brea,Male,8,2/8/2016
Bibi,Breeton,Female,4,6/7/2016
Rheta,Breinlein,Female,3,1/2/2016
Nichols,Brewer,Male,2,2/25/2016
James,Briand,Male,4,1/24/2016
Ray,Bridywater,Female,8,3/9/2016
Betsey,Briiginshaw,Female,1,5/22/2016
Isadora,Brockton,Female,3,3/5/2016
Maynord,Brookhouse,Male,10,1/15/2016
Kimberli,Brunone,Female,5,6/26/2016
Freida,Buller,Female,6,1/19/2016
Danella,Bulleyn,Female,8,5/13/2016
Burk,Burchess,Male,2,5/19/2016
Pierce,Burdfield,Male,3,6/29/2016
Augie,Burley,Male,8,5/2/2016
Izaak,Burrow,Male,7,5/24/2016
Pincus,Butt,Male,6,3/15/2016
Eugen,Bwy,Male,7,1/10/2016
Minnie,Byford,Female,5,4/26/2016
Lincoln,Byram,Male,6,5/22/2016
Karyl,Byron,Female,10,4/13/2016
Gaby,Calcutt,Male,9,3/20/2016
Alfred,Camerello,Male,7,6/4/2016
Niels,Camock,Male,2,5/10/2016
Emmi,Camplen,Female,5,4/18/2016
Dwain,Candish,Male,6,2/10/2016
Fedora,Capeling,Female,4,5/11/2016
Maddalena,Carcas,Female,6,4/30/2016
Sholom,Carlyon,Male,3,6/23/2016
Halette,Caroli,Female,1,4/24/2016
Janelle,Carrier,Female,7,1/17/2016
Chery,Carroll,Female,2,3/25/2016
Christabel,Carter,Female,6,5/29/2016
Gabbey,Cartlidge,Female,2,5/24/2016
Kissee,Carwithim,Female,6,5/22/2016
Eden,Cashell,Female,8,3/24/2016
Raina,Castangia,Female,6,4/5/2016
Marguerite,Cathersides,Female,4,4/10/2016
Pooh,Catteroll,Male,1,6/22/2016
Costa,Caukill,Male,9,2/12/2016
Ulick,Caulton,Male,9,3/18/2016
Marita,Celle,Female,3,6/1/2016
Tyrone,Chadbourne,Male,4,5/8/2016
Delmar,Chaffey,Male,6,3/7/2016
Orelee,Champain,Female,3,4/13/2016
Israel,Chapelle,Male,2,6/16/2016
Prue,Charnock,Female,1,4/20/2016
Mari,Charon,Female,10,3/11/2016
Tate,Chattock,Female,5,1/13/2016
Bernardo,Cheeke,Male,3,6/9/2016
Webster,Chelnam,Male,5,6/17/2016
Sheila,Chessill,Female,9,5/23/2016
Esta,Cheverell,Female,1,6/26/2016
Greer,Chicchelli,Female,7,5/22/2016
Domenico,Chillcot,Male,5,1/8/2016
Emmett,Clapston,Male,7,2/11/2016
Burton,Cleaveland,Male,6,3/12/2016
Jodee,Clemensen,Female,7,4/27/2016
Duky,Clendinning,Male,8,6/9/2016
Antony,Cleverley,Male,6,1/16/2016
Richard,Clifford,Male,6,6/1/2016
Tilda,Cluderay,Female,8,6/27/2016
Othello,Clutten,Male,4,5/19/2016
Spence,Cockroft,Male,9,1/9/2016
Brodie,Coker,Male,8,1/1/2016
Krisha,Colebeck,Male,6,1/9/2016
Reinaldos,Coleridge,Male,3,2/26/2016
Alexio,Comberbach,Male,6,2/14/2016
Kirk,Conklin,Male,8,3/16/2016
Pierce,Coop,Male,8,6/12/2016
Norean,Copley,Female,8,4/28/2016
Granger,Cops,Male,9,2/22/2016
Cris,Cops,Male,6,2/5/2016
Iggy,Cordier,Male,2,5/4/2016
Curt,Corker,Male,9,2/2/2016
Holly-anne,Corn,Female,10,2/28/2016
Minnnie,cornhill,Female,7,6/18/2016
Townie,Corroyer,Male,3,6/8/2016
Berni,Cottingham,Female,10,4/10/2016
Cybil,Couper,Female,2,4/19/2016
Ynez,Coursor,Female,8,1/9/2016
Benedict,Cradoc,Male,2,2/23/2016
Carlie,Crafter,Male,1,4/2/2016
Jori,Craigie,Female,8,6/18/2016
Darlene,Cram,Female,2,3/22/2016
Ambros,Crann,Male,4,6/22/2016
Kessiah,Crasford,Female,2,5/29/2016
Rafa,Craske,Female,10,3/14/2016
Annabal,Cremin,Female,5,1/5/2016
Angie,Croasdale,Male,6,6/29/2016
Juliann,Crummay,Female,4,2/18/2016
Eveleen,Culham,Female,5,4/3/2016
Sanders,Culwen,Male,2,5/13/2016
Sonya,Cumbridge,Female,9,4/11/2016
Natty,Cuolahan,Female,7,4/30/2016
Mano,Cushelly,Male,8,5/13/2016
Vanni,Cusick,Female,3,6/18/2016
Andee,Dachey,Female,9,5/15/2016
Calida,Daft,Female,9,3/14/2016
Justino,Dahlman,Male,10,4/30/2016
Sherrie,Dallicoat,Female,3,2/28/2016
Eada,Dallinder,Female,4,2/14/2016
Darby,Daniele,Male,6,1/10/2016
Aggi,Danter,Female,5,1/26/2016
Wolfgang,Darbon,Male,2,2/3/2016
Lyell,Darco,Male,4,6/4/2016
Grayce,Davidavidovics,Female,4,4/10/2016
Queenie,Davison,Female,8,6/24/2016
Lelah,Davoren,Female,9,4/8/2016
Keane,Dawidowsky,Male,9,5/13/2016
Godart,De Filippi,Male,3,6/3/2016
Linette,Dearman,Female,10,6/25/2016
Elnora,Decker,Female,8,1/7/2016
Franni,Defont,Female,9,6/7/2016
Emmott,Delong,Male,9,3/15/2016
Winifield,Demcak,Male,10,6/8/2016
Gabriel,Dempsey,Female,7,2/20/2016
Monte,Denecamp,Male,2,4/27/2016
Bryn,Denerley,Male,5,1/27/2016
Olav,Denial,Male,7,4/1/2016
Tammie,Denkin,Female,10,2/15/2016
Benedetta,Densham,Female,9,3/11/2016
Chadd,Descroix,Male,8,1/12/2016
Lulu,Dews,Female,2,6/3/2016
Xenos,Dillestone,Male,4,6/19/2016
Raoul,Dimic,Male,9,1/28/2016
Tremain,Dmitr,Male,8,6/15/2016
Oswell,Dmtrovic,Male,6,3/26/2016
Hardy,Dodswell,Male,3,6/14/2016
Morna,Doget,Female,1,6/4/2016
Guthry,Domenico,Male,9,1/29/2016
Charil,Domingues,Female,6,3/14/2016
Alphonse,Dovidian,Male,8,6/11/2016
Moina,Dowse,Female,6,3/18/2016
Monique,Dowzell,Female,4,2/5/2016
Noelle,Draxford,Female,6,2/12/2016
Jeramey,Drewery,Male,8,6/13/2016
Tally,Droogan,Male,8,4/27/2016
Avivah,Ducarel,Female,5,6/18/2016
Lauri,Duddell,Female,1,6/8/2016
Inger,Duddin,Male,7,3/23/2016
Kimball,Duddle,Male,9,3/24/2016
Dacy,Duff,Female,9,4/15/2016
Burnaby,Duffan,Male,10,6/25/2016
Benjamen,Dugget,Male,5,6/20/2016
Hart,Dukes,Male,3,6/18/2016
Jeddy,Dummer,Male,9,6/23/2016
Hazel,Duncanson,Female,2,5/1/2016
Woodman,Dunkerton,Male,2,3/7/2016
Stacia,Dunmore,Female,6,2/12/2016
Roldan,Dunstall,Male,1,2/11/2016
Frayda,Dupey,Female,9,3/4/2016
Rory,Durkin,Male,2,5/23/2016
Genny,Dutteridge,Female,9,1/21/2016
Aloysia,Eardley,Female,10,1/1/2016
Osborne,Earwaker,Male,1,4/27/2016
Jordon,Eastham,Male,10,2/7/2016
Riva,Echelle,Female,4,4/7/2016
Alphard,Eddoes,Male,2,1/3/2016
Frederich,Edwick,Male,3,1/3/2016
Denver,Egell,Male,9,5/7/2016
Loreen,Elener,Female,6,5/5/2016
Clayson,Eliaz,Male,2,4/29/2016
Kaitlin,Elliston,Female,10,2/23/2016
Ivonne,Ellse,Female,3,6/7/2016
Miguel,Elrick,Male,4,2/9/2016
Ferguson,Emmitt,Male,9,2/13/2016
Ralf,Entwisle,Male,10,1/15/2016
Elie,Epton,Female,10,6/10/2016
Stanislaus,Etchingham,Male,3,3/30/2016
Alysa,Eudall,Female,2,2/2/2016
Oralle,Ewart,Female,2,6/29/2016
Sidnee,Eyers,Male,6,4/25/2016
Abbot,Face,Male,6,1/26/2016
Diane,Fagence,Female,2,2/1/2016
Reynard,Fairtlough,Male,10,3/29/2016
Odell,Farden,Male,1,5/10/2016
Locke,Fardoe,Male,8,5/24/2016
Ulrick,Fassbindler,Male,9,1/10/2016
Vern,Fealey,Male,1,3/16/2016
Geneva,Fealy,Female,3,2/12/2016
Rozele,Feehan,Female,9,3/29/2016
Jarrid,Feldstein,Male,6,1/20/2016
Lanette,Felkin,Female,1,2/5/2016
Gloriane,Felten,Female,9,2/18/2016
Marcellina,Fennelly,Female,3,5/1/2016
Sidnee,Ferrieroi,Male,4,5/1/2016
Salome,Fessions,Female,7,4/21/2016
Rosaleen,Feyer,Female,10,1/12/2016
Claudian,Fidge,Male,7,2/27/2016
Lexi,Figg,Female,6,6/19/2016
Aprilette,Files,Female,2,5/11/2016
Morly,Filgate,Male,1,5/31/2016
Deeyn,Filipov,Female,7,3/9/2016
Toby,Finlry,Male,9,4/26/2016
Herc,Firks,Male,6,3/30/2016
Margaretha,Fisbey,Female,6,4/5/2016
Brooks,Fitton,Female,3,5/24/2016
Sanders,Fleury,Male,10,5/15/2016
Donnie,Flood,Female,5,2/15/2016
Yanaton,Fluit,Male,3,5/29/2016
Denys,Foad,Female,8,4/2/2016
Benji,Foldes,Male,5,1/25/2016
Sarette,Folomkin,Female,2,4/27/2016
Scarface,Forshaw,Male,9,5/25/2016
Nanice,Fosh,Female,1,3/31/2016
Giustino,Fost,Male,9,6/21/2016
Vernice,Fouch,Female,3,1/6/2016
Terrill,Franck,Male,4,2/5/2016
Spence,Froom,Male,8,5/6/2016
Liane,Fulton,Female,1,3/30/2016
Salmon,Gadman,Male,2,6/10/2016
Ann,Gager,Female,1,3/23/2016
Petronella,Gainsford,Female,1,1/31/2016
Desiri,Galiford,Female,10,2/18/2016
Demetrius,Galland,Male,3,6/20/2016
Jonathan,Gannaway,Male,9,2/12/2016
Sara-ann,Garrigan,Female,7,1/2/2016
Alexandra,Garrow,Female,3,1/27/2016
Eachelle,Gass,Female,7,1/10/2016
Giulia,Gaudon,Female,3,4/27/2016
Sarita,Gehrels,Female,7,4/9/2016
Alicea,Gerbel,Female,2,5/4/2016
Fairleigh,Ghio,Male,1,3/11/2016
Justina,Ghiraldi,Female,3,5/19/2016
Bartholomeo,Giacobillo,Male,8,6/3/2016
Wang,Giacopello,Male,9,4/13/2016
Nertie,Giacoppo,Female,10,5/26/2016
Rosy,Giametti,Female,7,2/13/2016
Isadore,Gianullo,Male,1,2/23/2016
Gawen,Giblin,Male,5,2/18/2016
Marmaduke,Gildea,Male,10,2/24/2016
Nicolai,Gillson,Male,4,3/30/2016
Audrie,Gino,Female,6,6/24/2016
Lauritz,Girardey,Male,6,4/25/2016
Lesly,Gittoes,Female,6,4/3/2016
Malanie,Glayzer,Female,6,6/19/2016
Jori,Godehard.sf,Female,8,2/11/2016
Verla,Gohn,Female,1,1/15/2016
Steven,Golagley,Male,9,6/15/2016
Axe,Goodley,Male,3,1/13/2016
Niki,Gorges,Male,10,4/22/2016
Arabela,Gori,Female,7,6/25/2016
Ricard,Gorton,Male,8,1/10/2016
Barn,Gotobed,Male,2,6/11/2016
Sanson,Gounel,Male,3,1/14/2016
Efrem,Grantham,Male,7,2/14/2016
Ronda,Greensides,Female,10,1/14/2016
Tabb,Greet,Male,1,3/2/2016
Jasmin,Grew,Female,9,6/16/2016
Falito,Griffithe,Male,1,1/9/2016
Haroun,Grimmett,Male,10,4/6/2016
Celinda,Grimsell,Female,5,6/26/2016
Julianna,Grishukov,Female,6,3/6/2016
Hyacinthia,Gritskov,Female,2,6/29/2016
Tymothy,Groucutt,Male,9,3/7/2016
Jenny,Grumley,Female,10,6/18/2016
Lexine,Grzeszczyk,Female,1,2/27/2016
Euell,Guihen,Male,3,1/9/2016
Venus,Gullen,Female,6,3/4/2016
Beaufort,Gullivent,Male,4,1/13/2016
Jacquenette,Hackley,Female,2,5/5/2016
Fulton,Hacon,Male,7,2/16/2016
Delbert,Hagergham,Male,6,6/10/2016
Rena,Haggus,Female,5,6/29/2016
Cindi,Halbord,Female,1,1/24/2016
Peg,Halfacre,Female,6,4/1/2016
Miranda,Halloran,Female,1,5/3/2016
Torrey,Halsey,Male,5,4/26/2016
Darby,Hannay,Female,8,1/23/2016
Bryn,Hannond,Female,8,4/18/2016
Anica,Hardaker,Female,10,4/4/2016
Elvira,Harkin,Female,10,5/20/2016
Hendrik,Harmer,Male,10,2/10/2016
Guendolen,Harring,Female,3,4/20/2016
Myrwyn,Hatrey,Male,5,5/24/2016
Vivianne,Hauch,Female,2,1/2/2016
Page,Haug,Female,1,2/21/2016
Corly,Haynesford,Female,1,1/24/2016
Ferrel,Headrick,Male,7,3/29/2016
Amalee,Heintz,Female,8,6/28/2016
Joly,Hendrick,Female,7,4/14/2016
Babb,Henrique,Female,1,1/25/2016
Deirdre,Heyns,Female,1,1/2/2016
Delcine,Hinrichsen,Female,4,3/1/2016
Duffy,Hitschke,Male,3,1/18/2016
Christie,Holdin,Male,9,5/26/2016
Ami,Honisch,Female,7,1/25/2016
Joe,Horche,Male,10,2/12/2016
Berkly,Horder,Male,10,3/31/2016
Arturo,Hosten,Male,10,1/8/2016
Kippie,Hounsome,Male,3,2/17/2016
Benjamin,Housley,Male,5,1/31/2016
Cheston,Huard,Male,1,4/26/2016
Clevey,Hubbocks,Male,6,3/10/2016
Ilise,Huelin,Female,7,1/3/2016
Sophi,Huie,Female,8,1/14/2016
Sheila,Hulbert,Female,9,5/12/2016
Lora,Huller,Female,4,4/1/2016
Orran,Humby,Male,5,4/15/2016
Skell,Husband,Male,2,6/13/2016
Cullen,Husband,Male,8,1/22/2016
Corty,Hutchings,Male,6,6/26/2016
Dehlia,Huxton,Female,1,4/19/2016
Abigale,Hyman,Female,10,6/2/2016
Christiano,Hyndley,Male,7,1/25/2016
Cristobal,Ianelli,Male,7,6/24/2016
Wolfgang,Ickov,Male,5,5/24/2016
Anna-diana,Ilchuk,Female,6,1/19/2016
Harlin,Ilyinykh,Male,7,1/31/2016
Berton,Inchan,Male,2,1/2/2016
Monro,Isakowicz,Male,3,4/21/2016
Gaby,Isitt,Male,1,1/1/2016
Robby,Isson,Male,3,2/27/2016
Nev,Itter,Male,9,6/20/2016
Perceval,Itzkovitch,Male,4,2/19/2016
Nadine,Ivanchikov,Female,7,1/10/2016
Aubert,Iwanowicz,Male,8,2/3/2016
Jean,Izaks,Female,5,5/11/2016
Hilly,Izkovicz,Male,1,3/27/2016
Rhody,Jaggs,Female,9,5/20/2016
Marya,Jales,Female,10,5/13/2016
Anders,Jancy,Male,2,4/8/2016
Jeffy,Jeannon,Male,2,5/5/2016
Dori,Jeanon,Female,5,6/18/2016
Bartholomeus,Jedrzejewsky,Male,10,1/6/2016
Tuckie,Jervis,Male,5,4/6/2016
Maddi,Jervis,Female,5,1/2/2016
Timotheus,Jessopp,Male,2,4/2/2016
Denney,Jochens,Male,1,1/5/2016
Aprilette,Joskowitz,Female,4,4/7/2016
Ashby,Joyce,Male,2,4/30/2016
Zachariah,Juggings,Male,2,5/4/2016
Cameron,Kaasman,Male,8,3/19/2016
Jerrie,Kasbye,Female,8,6/2/2016
Nikolaus,Kayne,Male,7,3/19/2016
Brady,Keeling,Male,3,5/30/2016
Ruth,Kem,Female,8,6/11/2016
Mona,Kender,Female,1,2/10/2016
Skell,Keningley,Male,10,4/5/2016
Mayer,Kenn,Male,9,3/19/2016
Ddene,Kennea,Female,8,5/3/2016
Sandi,Kenright,Female,7,4/11/2016
Isaiah,Keppin,Male,9,2/6/2016
Clementia,Keslake,Female,1,1/3/2016
Osbert,Kettlesting,Male,1,6/24/2016
Nico,Keward,Male,6,4/2/2016
Anna,Keynd,Female,6,3/31/2016
Willi,Kharchinski,Male,5,2/7/2016
Milka,Khotler,Female,8,6/16/2016
Charlean,Kidstone,Female,1,1/29/2016
Molly,Kighly,Female,2,1/28/2016
Gisela,Kilban,Female,6,4/11/2016
Joletta,Kilgrew,Female,2,1/17/2016
Merna,Killeen,Female,3,3/28/2016
Worthington,Kingsland,Male,1,5/8/2016
Miguel,Kither,Male,6,4/7/2016
Roderich,Kleanthous,Male,10,6/26/2016
Randi,Kleinzweig,Male,7,1/26/2016
Conway,Klemke,Male,7,5/13/2016
Jorgan,Knobell,Male,8,1/10/2016
Violet,Kornilov,Female,5,3/26/2016
Kaylyn,Krauze,Female,5,3/31/2016
Ellie,Kubes,Female,9,5/22/2016
Cecil,Kubes,Male,1,5/2/2016
Hebert,Kunes,Male,2,4/12/2016
Devora,Kunisch,Female,2,1/25/2016
Flore,Kunkler,Female,6,6/16/2016
Roldan,Kupka,Male,2,2/19/2016
Dedra,Kurdani,Female,1,6/9/2016
Ulberto,Kurton,Male,4,3/2/2016
Lorianna,Labet,Female,9,5/24/2016
Alastair,Labrom,Male,3,1/17/2016
Aurthur,Lace,Male,6,2/23/2016
Nobie,Laffan,Male,9,2/28/2016
Maisey,Laffin,Female,3,1/13/2016
Armand,Lafflina,Male,10,6/24/2016
Everard,Lakenton,Male,4,5/27/2016
Rene,Lanceley,Male,10,5/24/2016
Orland,Lapslie,Male,2,5/9/2016
Christa,Lardier,Female,7,4/4/2016
Alfie,Larkin,Male,9,5/1/2016
Kriste,Lassetter,Female,3,6/19/2016
Abeu,Lathaye,Male,6,4/15/2016
Adolphus,Latore,Male,6,3/26/2016
Miguelita,Lauder,Female,4,1/20/2016
Gwenora,Laughlan,Female,9,2/20/2016
Denny,Launder,Male,10,6/17/2016
Esra,Laviss,Male,9,5/3/2016
Beniamino,Lazell,Male,5,2/12/2016
Federico,Le Leu,Male,2,1/9/2016
Stafford,Leebeter,Male,5,6/15/2016
Orsola,Leeke,Female,7,3/22/2016
Thorin,Leetham,Male,2,3/24/2016
Anatol,Leffek,Male,8,5/31/2016
Hyacinthia,Leijs,Female,7,5/24/2016
Rollo,Lenden,Male,4,6/18/2016
Manda,Lettley,Female,4,1/23/2016
Shellie,Lettsom,Female,4,1/21/2016
Tynan,Leyman,Male,9,2/14/2016
Suzanne,Leyshon,Female,3,2/5/2016
Halsy,Libbis,Male,8,6/20/2016
Griffy,Lidden,Male,8,6/23/2016
Cris,Lidden,Female,1,5/20/2016
Onofredo,Lidster,Male,10,1/7/2016
Filippo,Liebermann,Male,7,2/8/2016
Rosemonde,Ligertwood,Female,7,6/18/2016
Nicolas,Lilleycrop,Male,6,6/23/2016
Guenevere,Lindback,Female,9,6/24/2016
Ximenez,Linde,Male,6,3/27/2016
Alwyn,Lindenberg,Male,3,5/31/2016
Daren,Lindenberg,Male,7,4/13/2016
Elana,Lindermann,Female,3,5/21/2016
Franchot,Lineen,Male,7,6/17/2016
Hilary,Lipprose,Female,5,3/2/2016
Walsh,Littledike,Male,4,2/7/2016
Prisca,Littlekit,Female,10,2/19/2016
Ariella,Loder,Female,4,3/21/2016
Jerad,Lomas,Male,8,5/1/2016
Eudora,Lomax,Female,8,2/8/2016
Prissie,Long,Female,3,2/9/2016
Barbabas,Longfellow,Male,5,3/10/2016
Norris,Longhorne,Male,1,3/3/2016
Forbes,Loughney,Male,9,3/25/2016
Tommy,Lovemore,Female,7,5/11/2016
Jermayne,Lowdeane,Male,5,6/20/2016
Annetta,Lowe,Female,4,1/28/2016
Lorraine,Lownsbrough,Female,6,5/10/2016
Abramo,Lucien,Male,3,5/31/2016
Alain,Luckwell,Male,2,6/10/2016
Lisetta,Ludewig,Female,3,6/3/2016
Wildon,Ludewig,Male,8,3/1/2016
Cristy,Ludgate,Female,2,5/11/2016
Marcellus,Luty,Male,4,5/19/2016
Matteo,MacAllen,Male,8,5/8/2016
Jami,MacAllen,Female,3,3/1/2016
Ynes,MacAlroy,Female,4,4/3/2016
Harriott,MacAne,Female,1,5/14/2016
Nadean,MacCague,Female,8,4/29/2016
Katrina,MacDougal,Female,4,2/3/2016
Jamil,MacGillicuddy,Male,10,2/3/2016
Rowan,MacNeish,Male,5,2/23/2016
Valli,MacPike,Female,10,1/20/2016
Ariela,MacRannell,Female,9,1/15/2016
Nil,MacRitchie,Male,8,2/6/2016
Fredrick,MacRonald,Male,7,6/12/2016
De witt,MacVanamy,Male,2,6/7/2016
Graehme,Maddaford,Male,3,3/9/2016
Valle,Maggorini,Male,5,2/2/2016
Herrick,Malbon,Male,8,2/3/2016
Marianne,Mammatt,Female,5,3/14/2016
Magdaia,Mandeville,Female,5,1/8/2016
Reider,Manshaw,Male,9,4/30/2016
Delila,Manterfield,Female,1,4/28/2016
Dita,Mantha,Female,8,1/18/2016
Chickie,Manuely,Male,8,5/16/2016
Gil,Mapowder,Male,7,2/8/2016
Sauveur,Marikhin,Male,7,6/19/2016
Torry,Marryatt,Male,1,6/12/2016
Sheffie,Marsham,Male,5,6/10/2016
Gilberto,Maskrey,Male,6,2/2/2016
Mahmud,Masserel,Male,1,2/14/2016
Doretta,Matejka,Female,8,3/20/2016
Ortensia,Matovic,Female,9,4/18/2016
Clem,Mayberry,Male,6,1/3/2016
Herrick,Maybury,Male,4,2/27/2016
Karlotta,Mazzeo,Female,6,5/27/2016
Kiel,Mc Caughen,Male,3,2/26/2016
Debera,McAlpin,Female,8,5/1/2016
Tannie,McCarlich,Male,4,6/5/2016
Eula,McCarthy,Female,3,1/3/2016
Ringo,McColley,Male,2,6/26/2016
Emily,McCracken,Female,8,6/13/2016
Lela,McElrea,Female,6,2/11/2016
Brnaby,McEvoy,Male,8,2/14/2016
Ricki,McFeat,Female,3,2/5/2016
Raquela,McGibbon,Female,1,6/7/2016
Elissa,McGillivrie,Female,4,4/7/2016
Vern,McGloin,Male,3,2/6/2016
Moria,McGonigal,Female,5,6/6/2016
Holt,McGurgan,Male,7,4/11/2016
Omar,McIlwreath,Male,2,1/27/2016
Martino,McKimm,Male,9,2/3/2016
Jemmie,McKinless,Female,10,6/26/2016
Fern,McMenamie,Female,3,3/23/2016
Nanci,McNaughton,Female,9,5/9/2016
Shanon,McVane,Female,4,2/20/2016
Claudine,Meads,Female,4,3/28/2016
Jobey,Measham,Female,7,2/25/2016
Burnaby,Merrisson,Male,3,1/18/2016
Lorain,Mertgen,Female,4,4/6/2016
Fiona,Messenger,Female,1,4/3/2016
Smith,Metheringham,Male,3,4/30/2016
Edita,Micheli,Female,6,5/12/2016
Merwin,Middleweek,Male,9,6/28/2016
Svend,Mil,Male,4,2/19/2016
Thorn,Millberg,Male,2,1/10/2016
Meade,Mirralls,Female,6,2/1/2016
Remy,Mockett,Female,3,4/3/2016
Pancho,Moncur,Male,2,1/5/2016
Marcille,Monroe,Female,3,2/12/2016
Malinde,Morant,Female,4,3/28/2016
Reinaldos,Mordue,Male,8,1/18/2016
Jonah,Moreno,Male,10,3/22/2016
Durward,Mosco,Male,7,2/23/2016
Jillene,Moscon,Female,1,6/20/2016
Godart,Mullender,Male,6,1/29/2016
Cecilio,Mum,Male,4,3/9/2016
Shaylah,Murkitt,Female,4,6/12/2016
Jone,Murrhardt,Male,6,4/22/2016
Elita,Murrie,Female,2,2/2/2016
Humbert,Murrison,Male,5,5/29/2016
Clarence,Nealey,Male,4,1/3/2016
Corena,Neilus,Female,6,5/13/2016
Laural,Nelles,Female,10,1/3/2016
Analise,Nesbitt,Female,4,2/17/2016
Uriah,Netting,Male,2,6/6/2016
Vance,Newby,Male,1,4/28/2016
Alexis,Nials,Female,4,2/28/2016
Mandi,Nisius,Female,5,1/3/2016
Barbey,Nolli,Female,4,5/11/2016
Silvain,Nurdin,Male,8,3/1/2016
Stacey,O' Brian,Female,2,1/22/2016
Willie,O'Bradane,Female,3,5/25/2016
Cheslie,O'Caherny,Female,7,3/8/2016
Nannette,O'Carroll,Female,1,1/29/2016
Ivory,O'Skehan,Female,4,6/22/2016
Huntlee,O'Spillane,Male,5,3/29/2016
Mabel,Odlin,Female,7,5/29/2016
Bethanne,Offin,Female,2,6/28/2016
Janis,Oganesian,Female,8,6/8/2016
Pepito,Olivia,Male,5,5/11/2016
Chrissie,Origin,Male,5,6/2/2016
Xymenes,Ormiston,Male,7,1/31/2016
Harriott,Ottewell,Female,4,4/8/2016
Dorene,Oulet,Female,10,3/27/2016
Julio,Ovill,Male,5,2/2/2016
Cleavland,Paddison,Male,5,6/5/2016
Jaime,Padgham,Male,4,1/19/2016
Steffen,Pady,Male,4,6/3/2016
Nero,Painswick,Male,7,2/7/2016
Aldwin,Pamphilon,Male,7,4/29/2016
Dieter,Panas,Male,8,3/12/2016
Ancell,Pancast,Male,3,1/28/2016
Walther,Paramor,Male,8,1/25/2016
Ivory,Pardie,Female,9,4/12/2016
Lukas,Parell,Male,1,6/21/2016
Samuel,Parham,Male,3,5/23/2016
Breanne,Parlour,Female,9,6/15/2016
Rick,Parmeter,Male,1,5/29/2016
Alfonso,Parmiter,Male,5,6/12/2016
Aharon,Pashbee,Male,7,3/1/2016
Sibyl,Pate,Male,7,5/14/2016
Jameson,Paulusch,Male,2,2/7/2016
Ellyn,Payley,Female,8,4/9/2016
Herve,Paylor,Male,8,6/6/2016
Robby,Peart,Male,7,1/24/2016
Anni,Peasey,Female,10,4/13/2016
Tony,Pedrick,Male,3,3/30/2016
Adelaide,Peers,Female,1,1/6/2016
Shanda,Pellew,Female,5,3/31/2016
Devi,Penhearow,Female,1,1/19/2016
Heddi,Penna,Female,9,5/11/2016
Earle,Perch,Male,1,4/26/2016
Korella,Perrie,Female,10,3/19/2016
Aldrich,Perton,Male,3,1/25/2016
Alwyn,Peterken,Male,3,4/28/2016
Pansy,Petkovic,Female,2,3/21/2016
Ange,Pettegre,Female,6,1/10/2016
Birk,Peye,Male,6,6/18/2016
Lizzy,Pfleger,Female,4,6/14/2016
Almeria,Piatkow,Female,10,3/27/2016
Jaynell,Pibsworth,Female,9,2/19/2016
Had,Pickless,Male,7,2/1/2016
Mikaela,Picopp,Female,7,6/26/2016
Karoline,Pindell,Female,8,4/25/2016
Tamarra,Pineaux,Female,4,2/17/2016
Callie,Pitt,Female,5,2/27/2016
Aileen,Plews,Female,6,2/26/2016
Teddy,Poley,Male,4,1/16/2016
Julia,Pomphrett,Female,2,4/25/2016
Jazmin,Posen,Female,2,2/14/2016
Marcos,Poulsen,Male,4,1/16/2016
Urbanus,Pretswell,Male,3,3/1/2016
Stacey,Proffer,Female,10,3/20/2016
Twila,Proske,Female,2,4/7/2016
Yanaton,Prosser,Male,6,1/28/2016
Garey,Prujean,Male,5,2/22/2016
Donnamarie,Punter,Female,3,3/17/2016
Amerigo,Purcell,Male,1,5/8/2016
Eal,Purry,Male,9,5/30/2016
Teddie,Quarless,Female,9,2/17/2016
Romain,Quinnelly,Male,2,2/15/2016
Rand,Raatz,Male,6,4/20/2016
Weston,Raddin,Male,1,3/24/2016
Birdie,Radenhurst,Female,4,1/22/2016
Gibb,Raftery,Male,10,2/1/2016
Frances,Ramsey,Female,1,2/9/2016
Elsey,Readhead,Female,7,4/26/2016
Roshelle,Redihalgh,Female,5,4/10/2016
Jobi,Reece,Female,3,6/22/2016
Cyrus,Reeday,Male,3,1/17/2016
Brendon,Regina,Male,5,3/5/2016
Goldina,Reglar,Female,4,5/19/2016
Ramsey,Renols,Male,4,5/28/2016
Danny,Revelle,Male,1,3/12/2016
Melicent,Rexworthy,Female,6,2/8/2016
Orlan,Riddett,Male,6,1/3/2016
Trumann,Riddington,Male,3,3/18/2016
Lucian,Rimbault,Male,8,5/16/2016
Keslie,Rimer,Female,10,1/25/2016
Domingo,Riordan,Male,10,6/28/2016
Elena,Ripley,Female,8,4/8/2016
Antonetta,Rixon,Female,7,2/11/2016
Steve,Rochelle,Male,9,2/6/2016
Kariotta,Roderick,Female,9,1/14/2016
Carita,Ros,Female,3,6/24/2016
Butch,Rosensaft,Male,2,4/7/2016
Alyse,Roset,Female,6,5/19/2016
Care,Rosindill,Male,7,3/8/2016
Natty,Rotchell,Male,1,3/29/2016
Michaela,Rubens,Female,4,5/26/2016
Christi,Rumford,Female,6,4/13/2016
Xymenes,Russe,Male,6,5/12/2016
Ulysses,Ryde,Male,8,3/11/2016
Carver,Ryle,Male,10,3/17/2016
Aurlie,Sabater,Female,3,2/16/2016
Barn,Saben,Male,6,5/18/2016
Ivonne,Saggs,Female,6,4/3/2016
Maison,Sainsbury-Brown,Male,6,2/20/2016
Grete,Saintsbury,Female,3,4/14/2016
Abby,Salandino,Male,9,5/22/2016
Friederike,Salzberg,Female,4,2/25/2016
Doloritas,Sandaver,Female,7,1/3/2016
Sol,Sandifer,Male,7,4/4/2016
Bekki,Saunderson,Female,2,2/14/2016
Christian,Savell,Male,10,4/17/2016
Darice,Sawforde,Female,2,4/12/2016
Huntington,Sawforde,Male,2,1/31/2016
Margo,Sawle,Female,10,5/4/2016
Faythe,Saxelby,Female,2,3/25/2016
Shawnee,Schutze,Female,6,6/25/2016
Packston,Scopes,Male,6,3/23/2016
Christalle,Seaborn,Female,1,2/19/2016
Marlo,Seagood,Male,3,3/24/2016
Angel,Sealy,Female,6,5/23/2016
Enoch,Selliman,Male,4,4/10/2016
Wanda,Senechell,Female,1,2/23/2016
Trevar,Seviour,Male,2,5/14/2016
Lethia,Shelley,Female,10,2/14/2016
Doralynne,Sherburn,Female,2,1/3/2016
Harv,Sherrett,Male,4,2/22/2016
Wake,Shervil,Male,10,6/15/2016
Tully,Shimwell,Male,1,4/2/2016
Cynthia,Shire,Female,2,5/2/2016
Zolly,Sieghard,Male,2,6/23/2016
Keefer,Sieghart,Male,10,1/9/2016
Stanislaw,Siemantel,Male,2,6/5/2016
Christiane,Siemantel,Female,9,1/15/2016
Doretta,Sillito,Female,4,5/8/2016
Clarabelle,Simonazzi,Female,6,3/22/2016
Morley,Simukov,Male,1,5/29/2016
Sindee,Sinisbury,Female,1,1/18/2016
Wilhelmine,Skeemor,Female,8,6/16/2016
Simone,Skelhorn,Female,5,3/15/2016
Obie,Skittrall,Male,1,2/2/2016
Ban,Slatter,Male,7,5/9/2016
Sib,Slimme,Female,10,4/16/2016
Ilka,Slora,Female,5,3/9/2016
Jobina,Slym,Female,3,5/10/2016
Andris,Smiz,Male,9,1/5/2016
Mia,Sneesby,Female,3,1/22/2016
Selina,Sollam,Female,7,3/16/2016
Shellysheldon,Souten,Male,9,6/20/2016
Brunhilda,Southall,Female,10,3/25/2016
Trever,Sowten,Male,2,4/18/2016
Roderick,Spalls,Male,7,2/8/2016
Olivero,Spickett,Male,2,5/28/2016
Cletus,Spoerl,Male,4,1/29/2016
Lory,Sponder,Female,8,1/15/2016
Philis,Spradbrow,Female,10,2/22/2016
Skelly,Spreadbury,Male,7,3/7/2016
Rachelle,Spurdens,Female,5,2/14/2016
Gerhardt,Spurling,Male,5,6/2/2016
Anya,Stadden,Female,8,1/20/2016
Dud,Stapels,Male,8,1/22/2016
Corinna,Stapford,Female,2,1/24/2016
Bridget,Stear,Female,1,6/1/2016
Jobey,Stent,Female,9,5/28/2016
Lita,Stilldale,Female,10,3/30/2016
Hildy,Stilly,Female,7,2/15/2016
Nola,Stockley,Female,8,3/3/2016
Mignonne,Stoffer,Female,2,6/9/2016
Farrel,Storms,Male,4,6/2/2016
Leonard,Strowther,Male,3,2/16/2016
Stillmann,Stubbin,Male,10,5/15/2016
Kelley,Sullivan,Male,4,4/2/2016
Garey,Summersett,Male,1,3/2/2016
Josephine,Surgener,Female,5,6/2/2016
Sybille,Surmeir,Female,7,6/16/2016
Merrick,Surmeyers,Male,5,1/3/2016
Reynold,Sutehall,Male,9,1/16/2016
Yettie,Swanton,Female,4,1/5/2016
Farra,Swedeland,Female,9,2/18/2016
Romeo,Swepstone,Male,6,4/3/2016
Sullivan,Swinford,Male,7,2/12/2016
Vanni,Sword,Female,10,1/10/2016
Andrus,Szepe,Male,2,4/5/2016
Frederich,Tames,Male,6,3/1/2016
Maxine,Tanner,Female,2,5/17/2016
Noell,Targetter,Female,3,2/20/2016
Wye,Tarling,Male,10,6/10/2016
Barbara,Tarren,Female,5,2/5/2016
Evin,Tasseler,Male,1,4/4/2016
Clemmie,Tempest,Female,2,1/3/2016
Thekla,Temple,Female,3,2/12/2016
Jarrid,Templeton,Male,8,6/19/2016
Britt,Tenby,Female,4,1/8/2016
Boote,Terram,Male,6,3/14/2016
Elihu,Tesh,Male,10,5/3/2016
Anestassia,Thake,Female,1,1/19/2016
Thacher,Theis,Male,7,5/5/2016
Mallory,Thombleson,Female,5,3/26/2016
Wolfie,Thomel,Male,2,5/27/2016
Julio,Tilford,Male,10,3/22/2016
Jessie,Titchard,Male,1,6/17/2016
Brier,Todaro,Female,8,1/16/2016
Shaylynn,Tollfree,Female,10,2/4/2016
Pattie,Tomblett,Male,1,6/20/2016
Eba,Top,Female,7,4/17/2016
Raffaello,Tottem,Male,5,6/29/2016
Oneida,Toulson,Female,3,4/13/2016
Wallie,Trase,Female,10,4/4/2016
Sherri,Treagust,Female,10,4/10/2016
Shel,Trevallion,Female,7,4/21/2016
Peta,Treven,Female,7,1/12/2016
Tate,Treverton,Female,1,1/2/2016
Enoch,Troake,Male,7,5/20/2016
Dougie,Troughton,Male,2,6/16/2016
Allyn,Trowsdall,Male,7,5/11/2016
Corina,Trueman,Female,5,3/26/2016
Odelia,Tschierasche,Female,2,1/17/2016
Hayes,Tugman,Male,9,4/25/2016
Eugen,Tunbridge,Male,7,6/27/2016
Claudette,Tunder,Female,9,3/15/2016
Norman,Twiggs,Male,9,5/31/2016
Cash,Tyreman,Male,9,5/24/2016
Franny,Uccello,Female,3,5/6/2016
Link,Urwen,Male,3,5/17/2016
Vaughn,Urwin,Male,2,6/13/2016
Korella,Vaen,Female,10,1/11/2016
Marianna,Vanni,Female,3,5/8/2016
Joseito,Vannucci,Male,7,5/24/2016
Friedrich,Vanstone,Male,1,3/3/2016
Tove,Vanyashkin,Female,7,6/21/2016
Lorraine,Varren,Female,6,3/9/2016
Sile,Vaune,Female,4,3/31/2016
Brion,Vearncombe,Male,4,4/28/2016
Berne,Vedekhin,Male,8,1/25/2016
Zacharias,Velareal,Male,5,3/21/2016
Eli,Voisey,Male,9,1/12/2016
Casie,Von Brook,Female,10,3/25/2016
Zed,Vondrak,Male,5,4/5/2016
Elly,Vondrak,Female,4,1/3/2016
Ramona,Vyel,Female,1,4/21/2016
Tabatha,Vyel,Female,7,4/10/2016
Donni,Wade,Female,10,6/8/2016
Rod,Walklott,Male,7,3/27/2016
Bendicty,Wallage,Male,6,5/23/2016
Bartel,Wallsam,Male,3,4/2/2016
Josie,Wallwood,Female,4,6/15/2016
Layton,Walsh,Male,10,1/1/2016
Cord,Wandrich,Male,4,5/7/2016
Sallie,Warby,Female,3,4/25/2016
Ximenez,Wardington,Male,9,3/19/2016
Corrianne,Wareing,Female,10,6/5/2016
Fianna,Wasbrough,Female,4,2/24/2016
Batholomew,Waylett,Male,1,3/15/2016
Debora,Webborn,Female,4,5/29/2016
Chip,Wellman,Male,5,4/10/2016
Adel,Werner,Female,7,1/30/2016
Brit,Westwater,Male,2,3/4/2016
Kit,Wetherburn,Female,7,3/17/2016
Aldo,Whates,Male,8,5/5/2016
Nikolaos,Whitfield,Male,7,4/8/2016
Alta,Whitley,Female,1,4/9/2016
Galen,Whittingham,Male,1,6/25/2016
Tiffi,Whorall,Female,6,5/5/2016
Lurette,Whye,Female,8,4/19/2016
Barry,Wichard,Female,7,6/11/2016
Lionello,Widdop,Male,2,3/28/2016
Renato,Wilcock,Male,2,2/21/2016
Malinda,Wilder,Female,1,2/9/2016
Woodie,Winterson,Male,8,1/9/2016
Arri,Witherop,Male,3,1/23/2016
Stavros,Wolfenden,Male,4,5/15/2016
Cosette,Woodfin,Female,6,2/13/2016
Bevan,Woodyeare,Male,6,1/6/2016
Ebeneser,Woollaston,Male,5,5/5/2016
Lucille,Worsall,Female,4,2/22/2016
Seumas,Wraighte,Male,3,3/6/2016
Rutledge,Yakuntsov,Male,9,3/7/2016
Adelaide,Yanele,Female,6,1/10/2016
Mal,Yellowlees,Male,8,3/11/2016
Allianora,Yellowley,Female,5,2/15/2016
Federica,Yokel,Female,5,3/16/2016
Bekki,Youson,Female,2,6/14/2016
Ryun,Yuryatin,Male,8,4/5/2016
Adel,Zecchetti,Female,9,6/26/2016
Scarlet,Zorzi,Female,3,4/30/2016
Rufe,Zupo,Male,3,2/22/2016